Search Title,Job Title,Company,Location,Salary Min,Salary Max,Category,Created,URL
International Trade Analyst,International Trade Compliance Analyst I,New York USA,US,60000.0,65000.0,Scientific & QA Jobs,2025-09-14T16:58:03Z,https://www.adzuna.com/details/5399375103?utm_medium=api&utm_source=866ee2f8
International Trade Analyst,International Trade Compliance Analyst I,Massachusetts USA,US,60000.0,65000.0,Scientific & QA Jobs,2025-09-14T17:06:08Z,https://www.adzuna.com/details/5399376505?utm_medium=api&utm_source=866ee2f8
International Trade Analyst,International Trade Compliance Analyst I,California USA,"Lemoore, Kings County",60000.0,65000.0,Scientific & QA Jobs,2025-09-14T18:08:43Z,https://www.adzuna.com/details/5399604573?utm_medium=api&utm_source=866ee2f8
International Trade Analyst,International Trade Compliance Analyst I,New Jersey USA,"Laurel Lake, Cumberland County",60000.0,65000.0,Scientific & QA Jobs,2025-09-14T18:07:34Z,https://www.adzuna.com/details/5399602336?utm_medium=api&utm_source=866ee2f8
International Trade Analyst,International Trade Compliance Analyst I,New Hampshire USA,"Merrimack, Hillsborough County",86425.39,86425.39,Scientific & QA Jobs,2025-09-14T19:24:14Z,https://www.adzuna.com/details/5399717581?utm_medium=api&utm_source=866ee2f8
International Trade Analyst,International Trade Compliance Analyst I,Virginia USA,"Bonsack, Roanoke",81698.12,81698.12,Scientific & QA Jobs,2025-09-14T18:40:29Z,https://www.adzuna.com/details/5399657782?utm_medium=api&utm_source=866ee2f8
International Trade Analyst,International Trade Compliance Analyst I (New Hampshire),"CAMP Systems International, Inc.","Waynesfield, Auglaize County",51600.46,51600.46,Scientific & QA Jobs,2025-09-12T14:34:16Z,https://www.adzuna.com/details/5396150578?utm_medium=api&utm_source=866ee2f8
International Trade Analyst,International Trade & Customs Senior Analyst,Elanco,"Greenfield, Hancock County",120000.0,120000.0,Logistics & Warehouse Jobs,2025-09-15T14:58:44Z,https://www.adzuna.com/details/5400446994?utm_medium=api&utm_source=866ee2f8
International Trade Analyst,Principal/Sr. Principal Int'l Trade Compliance Analyst,Northrop Grumman,"Hamel, Hennepin County",121961.78,121961.78,Logistics & Warehouse Jobs,2025-08-22T17:32:30Z,https://www.adzuna.com/land/ad/5364551802?se=TBN16a6W8BGdQKu1GYO5Fg&utm_medium=api&utm_source=866ee2f8&v=BA010F39B594BAC0BFDCA0BFEE1B8CD64FB6CB1E
International Trade Analyst,Principal/ Sr Principal Intl Trade Compliance Analyst,Northrop Grumman,"Elkton, Cecil County",140973.88,140973.88,Logistics & Warehouse Jobs,2025-09-06T08:19:55Z,https://www.adzuna.com/land/ad/5386704024?se=TBN16a6W8BGdQKu1GYO5Fg&utm_medium=api&utm_source=866ee2f8&v=D9CFE69B6EC64B11213CDB8ED532E817C8CDC8EB
International Trade Analyst,Principal/ Sr Principal Intl Trade Compliance Analyst,Northrop Grumman,"Keyser, Mineral County",166443.36,166443.36,Logistics & Warehouse Jobs,2025-09-05T18:46:18Z,https://www.adzuna.com/land/ad/5385745610?se=TBN16a6W8BGdQKu1GYO5Fg&utm_medium=api&utm_source=866ee2f8&v=5597F56C03148942E88E8B33604EECA718F0BA13
International Trade Analyst,Senior Trade Consultant,Expeditors,"Romulus, Wayne County",70728.31,70728.31,Legal Jobs,2025-06-04T12:19:27Z,https://www.adzuna.com/land/ad/5232961525?se=TBN16a6W8BGdQKu1GYO5Fg&utm_medium=api&utm_source=866ee2f8&v=C0F9B5E521B8460203E09AB2A79ABD80DDAC1EB4
International Trade Analyst,Senior Trade Consultant,Expeditors,"West Peabody, Essex County",84303.71,84303.71,Legal Jobs,2025-06-04T12:19:35Z,https://www.adzuna.com/land/ad/5232961844?se=TBN16a6W8BGdQKu1GYO5Fg&utm_medium=api&utm_source=866ee2f8&v=C96B4EAA57B3FDFF866D2B0C918B4B2F28971F7D
International Trade Analyst,Principal/ Sr Principal Intl Trade Compliance Analyst,Northrop Grumman,US,87000.0,130600.0,Logistics & Warehouse Jobs,2025-09-05T18:36:18Z,https://www.adzuna.com/details/5385741697?utm_medium=api&utm_source=866ee2f8
International Trade Analyst,Principal/Sr. Principal Int'l Trade Compliance Analyst,Northrop Grumman,"Plymouth, Hennepin County",87000.0,130600.0,Logistics & Warehouse Jobs,2025-08-22T19:13:20Z,https://www.adzuna.com/details/5364688943?utm_medium=api&utm_source=866ee2f8
International Trade Analyst,Digital Marketing Analyst - User Experience,PT78,"Washington, D.C., US",133333.73,133333.73,"PR, Advertising & Marketing Jobs",2025-09-10T03:54:32Z,https://www.adzuna.com/details/5392170023?utm_medium=api&utm_source=866ee2f8
International Trade Analyst,Digital Marketing Analyst - User Experience,Platinum Technologies,"Washington, Washington, D.C.",101860.23,101860.23,"PR, Advertising & Marketing Jobs",2025-09-10T16:27:26Z,https://www.adzuna.com/details/5392763906?utm_medium=api&utm_source=866ee2f8
International Trade Analyst,Digital Experience Analyst,Platinum Technologies,"Washington, Washington, D.C.",114948.32,114948.32,"PR, Advertising & Marketing Jobs",2025-08-11T19:13:30Z,https://www.adzuna.com/details/5348462739?utm_medium=api&utm_source=866ee2f8
International Trade Analyst,Digital Experience Analyst,PT78,"Washington, D.C., US",124834.38,124834.38,"PR, Advertising & Marketing Jobs",2025-08-30T04:16:48Z,https://www.adzuna.com/details/5374968317?utm_medium=api&utm_source=866ee2f8
International Trade Analyst,Import Export Anst Prin,BAE Systems,"Fort Walton Beach, Okaloosa County",88157.98,88157.98,IT Jobs,2025-07-24T19:00:12Z,https://www.adzuna.com/details/5320940697?utm_medium=api&utm_source=866ee2f8
Global Logistics Coordinator,Global Logistics Coordinator - Transcon Evening Shift,Expeditors,"Carteret, Middlesex County",90586.51,90586.51,Customer Services Jobs,2025-07-17T23:45:57Z,https://www.adzuna.com/details/5309418487?utm_medium=api&utm_source=866ee2f8
Global Logistics Coordinator,Global Logistics Coordinator - Transcon Evening Shift,Expeditors,"Carteret, Middlesex County",47147.39,47147.39,Logistics & Warehouse Jobs,2025-07-15T16:55:28Z,https://www.adzuna.com/land/ad/5304485277?se=9K3N6a6W8BGdQKu1GYO5Fg&utm_medium=api&utm_source=866ee2f8&v=BF05B938E19942197E490FA2CED4F0F3F5B2D580
Global Logistics Coordinator,Production & International Shipping Coordinator,Knowhirematch,"Alpharetta, Fulton County",50000.0,60000.0,Logistics & Warehouse Jobs,2025-07-25T18:23:55Z,https://www.adzuna.com/details/5322472518?utm_medium=api&utm_source=866ee2f8
Global Logistics Coordinator,Production & International Shipping Coordinator,Knowhirematch,"Alpharetta, Fulton County",60184.71,60184.71,Logistics & Warehouse Jobs,2025-09-18T23:28:27Z,https://www.adzuna.com/details/5406310824?utm_medium=api&utm_source=866ee2f8
Global Logistics Coordinator,Event Coordinator,Dallas,"Mountain View, Santa Clara County",63154.72,63154.72,IT Jobs,2025-09-17T17:15:51Z,https://www.adzuna.com/land/ad/5403568957?se=9K3N6a6W8BGdQKu1GYO5Fg&utm_medium=api&utm_source=866ee2f8&v=28F89412CC2E65C4B431CCB78E4A439B6154AED0
Global Logistics Coordinator,Distribution Coordinator,HF Sinclair,"Petrolia, Butler County",64122.71,64122.71,Logistics & Warehouse Jobs,2025-09-12T05:59:03Z,https://www.adzuna.com/details/5395786627?utm_medium=api&utm_source=866ee2f8
Global Logistics Coordinator,Operations Support Specialist,AeroVironment,"Huntsville, Madison County",62400.0,89440.0,IT Jobs,2025-09-06T18:48:31Z,https://www.adzuna.com/details/5387670785?utm_medium=api&utm_source=866ee2f8
Global Logistics Coordinator,Logistics Coordinator,Insight Global,"Hanover, Anne Arundel County",36096.87,36096.87,HR & Recruitment Jobs,2025-09-11T08:36:34Z,https://www.adzuna.com/land/ad/5394090371?se=9K3N6a6W8BGdQKu1GYO5Fg&utm_medium=api&utm_source=866ee2f8&v=570D04D61A5772D1CE01B1300E4F56BD525683A4
Global Logistics Coordinator,Marketing Specialist,Courier Network Inc.,"Seybold, Miami-Dade County",54408.93,54408.93,"PR, Advertising & Marketing Jobs",2025-07-29T15:36:26Z,https://www.adzuna.com/details/5326962978?utm_medium=api&utm_source=866ee2f8
Global Logistics Coordinator,Warehouse Associate,EOS,"Newark, Alameda County",44193.45,44193.45,Logistics & Warehouse Jobs,2025-09-12T20:49:27Z,https://www.adzuna.com/details/5397006349?utm_medium=api&utm_source=866ee2f8
Global Logistics Coordinator,Logistics Coordinator,US Tech Solutions,"Foxboro, Norfolk County",45408.71,45408.71,Logistics & Warehouse Jobs,2025-08-27T17:37:45Z,https://www.adzuna.com/land/ad/5371002543?se=9K3N6a6W8BGdQKu1GYO5Fg&utm_medium=api&utm_source=866ee2f8&v=2959290E6CCDDB5DF3D25B1EE8CFBB118D08845C
Global Logistics Coordinator,Executive Assistant to CEO,C-Suite Assistants,"Grand Central, Manhattan",115000.0,130000.0,Admin Jobs,2025-05-12T05:12:00Z,https://www.adzuna.com/land/ad/5194645011?se=9K3N6a6W8BGdQKu1GYO5Fg&utm_medium=api&utm_source=866ee2f8&v=B4ADA240CE82AD8F8D5B3EC1FD8D8593079E6670
Global Logistics Coordinator,Equipment Specialist & Project Manager,Ivoclar North America,"Somerset, Somerset County",58229.98,58229.98,Engineering Jobs,2025-09-14T18:25:00Z,https://www.adzuna.com/details/5399649523?utm_medium=api&utm_source=866ee2f8
Global Logistics Coordinator,Executive Personal Assistant,C-Suite Assistants,"Mckinney, Collin County",120668.32,120668.32,IT Jobs,2025-09-19T20:56:00Z,https://www.adzuna.com/land/ad/5407926456?se=9K3N6a6W8BGdQKu1GYO5Fg&utm_medium=api&utm_source=866ee2f8&v=89C5B93C24A8EF168E6D198CDD5EF7FDA69B9E0C
Global Logistics Coordinator,"Sourcing Engineer, New Product Introduction",Kollmorgen Corporation,"Radford, Virginia",81254.83,81254.83,Engineering Jobs,2025-05-06T21:28:12Z,https://www.adzuna.com/details/5184377393?utm_medium=api&utm_source=866ee2f8
Global Logistics Coordinator,Executive Assistant to the CEO,Aspira Connect,"Highland Park, Dallas",84090.69,84090.69,Admin Jobs,2025-09-06T09:29:34Z,https://www.adzuna.com/details/5386768401?utm_medium=api&utm_source=866ee2f8
Global Logistics Coordinator,Precious Metals Analyst,StoneX,"Winter Park, Orange County",125163.87,125163.87,Accounting & Finance Jobs,2025-09-11T11:37:41Z,https://www.adzuna.com/details/5394257541?utm_medium=api&utm_source=866ee2f8
Global Logistics Coordinator,Chief of Staff to the Global Chief Human Resources Officer (Washington),FGS Global,"Mount Rainier, Prince George's County",157697.11,157697.11,HR & Recruitment Jobs,2025-09-10T14:29:28Z,https://www.adzuna.com/details/5392590230?utm_medium=api&utm_source=866ee2f8
Global Logistics Coordinator,Global Logistics Specialist- Bilingual Portuguese/Spanish,iHerb,"Irvine, Orange County",54063.0,115850.0,Logistics & Warehouse Jobs,2025-08-14T20:39:35Z,https://www.adzuna.com/details/5353199943?utm_medium=api&utm_source=866ee2f8
Global Logistics Coordinator,Logistics Coordinator,"US Tech Solutions, Inc.","Foxborough, Norfolk County",72885.34,72885.34,Logistics & Warehouse Jobs,2025-09-18T08:27:48Z,https://www.adzuna.com/details/5404767276?utm_medium=api&utm_source=866ee2f8
Global Logistics Coordinator,Sr. Executive Administrative Assistant,J&J Family of Companies,"New Brunswick, Middlesex County",109398.31,109398.31,Admin Jobs,2025-09-17T19:16:01Z,https://www.adzuna.com/land/ad/5404175419?se=9K3N6a6W8BGdQKu1GYO5Fg&utm_medium=api&utm_source=866ee2f8&v=991B874B7DF2CB55D38B90D368D457F7E45F7F99
Global Logistics Coordinator,Distribution Mobility Planner,JMark Services,"Honolulu, Hawaii",98987.46,98987.46,Logistics & Warehouse Jobs,2025-06-07T05:39:23Z,https://www.adzuna.com/details/5238336553?utm_medium=api&utm_source=866ee2f8
Global Logistics Coordinator,"Vice President, Head US Supply Chain",Teva Pharmaceuticals,"Parsippany Troy Hills, Morris County",235939.84,235939.84,Logistics & Warehouse Jobs,2025-08-12T17:26:23Z,https://www.adzuna.com/land/ad/5349757464?se=9K3N6a6W8BGdQKu1GYO5Fg&utm_medium=api&utm_source=866ee2f8&v=B43629F1A6546E47F1E964C882E0F7AB5CE9B494
Global Logistics Coordinator,Lead Advisor,Texas Tech University System,"El Paso, El Paso County",56608.18,56608.18,HR & Recruitment Jobs,2025-09-18T19:20:03Z,https://www.adzuna.com/details/5405840468?utm_medium=api&utm_source=866ee2f8
Global Logistics Coordinator,Sr. Global Logistics Specialist,iHerb,US,54063.0,115850.0,Logistics & Warehouse Jobs,2025-07-18T17:08:02Z,https://www.adzuna.com/details/5310698417?utm_medium=api&utm_source=866ee2f8
Global Logistics Coordinator,Senior Program Manager - Cyber Security,TD Synnex,"Clearwater, Pinellas County",143764.77,143764.77,IT Jobs,2025-09-10T20:34:27Z,https://www.adzuna.com/land/ad/5393520556?se=9K3N6a6W8BGdQKu1GYO5Fg&utm_medium=api&utm_source=866ee2f8&v=05B52F261DA9AA334033CF88176E7F02C61DB456
Global Logistics Coordinator,Americas Logistic Lead,HMH,"Houston, Harris County",97344.69,97344.69,Engineering Jobs,2025-08-07T16:53:46Z,https://www.adzuna.com/land/ad/5342508630?se=9K3N6a6W8BGdQKu1GYO5Fg&utm_medium=api&utm_source=866ee2f8&v=B8D32E6BAD0B43E44B6AC84C514CF1FC471F48CF
Global Logistics Coordinator,"Chief of Staff Single-Family Office, Bellevue, USA (Bellevue)",Agreus,"Bellevue, King County",169128.97,169128.97,"PR, Advertising & Marketing Jobs",2025-09-19T14:35:18Z,https://www.adzuna.com/details/5407157072?utm_medium=api&utm_source=866ee2f8
Global Logistics Coordinator,Sr. Executive Administrative Assistant,6046-JANSSEN SUPPLY GROUP. Legal Entity,"Brunswick, Medina County",72450.0,117000.0,Admin Jobs,2025-09-17T19:56:45Z,https://www.adzuna.com/details/5404251880?utm_medium=api&utm_source=866ee2f8
Global Logistics Coordinator,Assistant Operations Manager,APM Terminals Mobile,"Alabama, US",64887.11,64887.11,Engineering Jobs,2025-08-17T19:32:07Z,https://www.adzuna.com/details/5356951756?utm_medium=api&utm_source=866ee2f8
Global Logistics Coordinator,"Associate Manager, Global Events",Jazwares Careers,"Cooper City, Broward County",123806.45,123806.45,"PR, Advertising & Marketing Jobs",2025-08-24T20:16:25Z,https://www.adzuna.com/details/5367081097?utm_medium=api&utm_source=866ee2f8
Global Logistics Coordinator,Mission Support Program Manager,Saronic,"Austin, Travis County",97653.29,97653.29,Engineering Jobs,2025-09-02T17:06:26Z,https://www.adzuna.com/details/5380128534?utm_medium=api&utm_source=866ee2f8
Global Logistics Coordinator,"Associate Manager, Global Events","Jazwares, LLC","Plantation, Broward County",125189.17,125189.17,"PR, Advertising & Marketing Jobs",2025-09-13T14:06:11Z,https://www.adzuna.com/details/5397779295?utm_medium=api&utm_source=866ee2f8
Global Logistics Coordinator,Employee Experience Coordinator,DoorDash USA,US,66600.0,112000.0,HR & Recruitment Jobs,2025-09-12T18:02:21Z,https://www.adzuna.com/details/5396731275?utm_medium=api&utm_source=866ee2f8
Global Logistics Coordinator,Office Foreperson III Akutan Shoreplant,Trident Seafoods,"Akutan, Aleutians East",64748.27,64748.27,Accounting & Finance Jobs,2025-09-08T15:51:08Z,https://www.adzuna.com/details/5389654707?utm_medium=api&utm_source=866ee2f8
Global Logistics Coordinator,Executive Assistant,Wellington Management,"New York City, New York",55000.0,100000.0,Accounting & Finance Jobs,2025-08-17T19:42:11Z,https://www.adzuna.com/details/5356958219?utm_medium=api&utm_source=866ee2f8
Global Logistics Coordinator,"Assistant, Business Development & Marketing","Skadden, Arps...LLP","Washington, Washington, D.C.",70000.0,75000.0,Legal Jobs,2025-08-13T17:31:58Z,https://www.adzuna.com/details/5351411634?utm_medium=api&utm_source=866ee2f8
Global Logistics Coordinator,"Technical lead manager, corporate IT",Writer,"San Francisco, California",236733.67,236733.67,IT Jobs,2025-09-14T18:06:28Z,https://www.adzuna.com/details/5399568708?utm_medium=api&utm_source=866ee2f8
Global Logistics Coordinator,"Technical lead manager, corporate IT",Writer,"New York City, New York",232091.52,232091.52,IT Jobs,2025-09-14T19:08:50Z,https://www.adzuna.com/details/5399696165?utm_medium=api&utm_source=866ee2f8
Global Logistics Coordinator,International Traffic Supervisor,S&C Electric Company,"Rogers Park, Chicago",78870.0,103191.0,Logistics & Warehouse Jobs,2025-08-24T17:03:28Z,https://www.adzuna.com/details/5366844333?utm_medium=api&utm_source=866ee2f8
Import/Export Specialist,Import/Export Specialist,Creative Financial Staffing,"Wasco, Kern County",43749.12,43749.12,Logistics & Warehouse Jobs,2025-09-18T08:28:14Z,https://www.adzuna.com/details/5404771077?utm_medium=api&utm_source=866ee2f8
Import/Export Specialist,Import/Export Specialist,Lasko Products,"West Chester, Chester County",57360.84,57360.84,Logistics & Warehouse Jobs,2025-09-13T22:00:03Z,https://www.adzuna.com/details/5398588482?utm_medium=api&utm_source=866ee2f8
Import/Export Specialist,Import/Export Specialist,Pro Trans International,"Drexel Gardens, Marion County",65903.02,65903.02,Logistics & Warehouse Jobs,2025-09-13T17:36:04Z,https://www.adzuna.com/details/5397924275?utm_medium=api&utm_source=866ee2f8
Import/Export Specialist,Import & Export Specialist,Berjeorporated,US,58614.0,78332.0,Logistics & Warehouse Jobs,2025-09-14T18:34:37Z,https://www.adzuna.com/details/5399656585?utm_medium=api&utm_source=866ee2f8
Import/Export Specialist,Sr Import/Export Specialist,Pro Trans International,"Horizon City, El Paso County",58000.0,,Logistics & Warehouse Jobs,2025-09-12T20:33:40Z,https://www.adzuna.com/details/5396981857?utm_medium=api&utm_source=866ee2f8
Import/Export Specialist,Import/Export Specialist 3,Onto Innovation,"Milpitas, Santa Clara County",93836.34,93836.34,IT Jobs,2025-09-20T23:03:16Z,https://www.adzuna.com/details/5409309099?utm_medium=api&utm_source=866ee2f8
Import/Export Specialist,Supply Chain Import/Export Specialist,LHH,"Portland, Fremont County",121301.18,121301.18,Logistics & Warehouse Jobs,2025-09-04T14:59:06Z,https://www.adzuna.com/details/5383342183?utm_medium=api&utm_source=866ee2f8
Import/Export Specialist,Import/Export Compliance Specialist (Hybrid),Integra LifeSciences,"Princeton, Mercer County",40225.52,40225.52,Logistics & Warehouse Jobs,2025-08-21T17:36:08Z,https://www.adzuna.com/land/ad/5362781206?se=CpBN6q6W8BGOXOqOgVlkcw&utm_medium=api&utm_source=866ee2f8&v=01E0D12A4BF779596673347034909DC6D665EC0B
Import/Export Specialist,Import and Export Specialist,Ferguson Enterprises,"Newport News, Newport News City",3600.0,6783.0,Logistics & Warehouse Jobs,2025-08-08T15:29:55Z,https://www.adzuna.com/details/5344050009?utm_medium=api&utm_source=866ee2f8
Import/Export Specialist,Import and Export Specialist,"Ferguson Enterprises, LLC.","Newport News, Newport News City",84670.48,84670.48,Logistics & Warehouse Jobs,2025-08-22T09:19:16Z,https://www.adzuna.com/details/5363538045?utm_medium=api&utm_source=866ee2f8
Import/Export Specialist,Import/Export Specialist (Disposable Vape Products – Fully Legal & FDA Compliant),Confidential - Retail,"Costa Mesa, Orange County",100000.0,300000.0,Logistics & Warehouse Jobs,2025-08-31T21:17:38Z,https://www.adzuna.com/details/5376925829?utm_medium=api&utm_source=866ee2f8
Import/Export Specialist,Import Export Documentation Specialist,LHH,"Lake Oswego, Clackamas County",81517.71,81517.71,Logistics & Warehouse Jobs,2025-09-19T05:39:39Z,https://www.adzuna.com/details/5406726223?utm_medium=api&utm_source=866ee2f8
Import/Export Specialist,Import Export Documentation Specialist,LHH,"Beaverton, Gladwin County",80988.08,80988.08,Logistics & Warehouse Jobs,2025-09-19T05:44:50Z,https://www.adzuna.com/details/5406745042?utm_medium=api&utm_source=866ee2f8
Import/Export Specialist,Import Export Documentation Specialist,LHH,"Portland, Fremont County",80946.08,80946.08,Logistics & Warehouse Jobs,2025-09-19T05:38:25Z,https://www.adzuna.com/details/5406719699?utm_medium=api&utm_source=866ee2f8
Import/Export Specialist,Import Export Documentation Specialist,LHH,"Raleigh Hills, Washington County",78853.86,78853.86,Logistics & Warehouse Jobs,2025-09-19T05:43:55Z,https://www.adzuna.com/details/5406742744?utm_medium=api&utm_source=866ee2f8
Import/Export Specialist,Import Export Documentation Specialist,LHH,US,80441.86,80441.86,Logistics & Warehouse Jobs,2025-09-19T11:27:06Z,https://www.adzuna.com/details/5406992755?utm_medium=api&utm_source=866ee2f8
Import/Export Specialist,Import Export Documentation Specialist,LHH,"Milwaukie, Clackamas County",79548.75,79548.75,Logistics & Warehouse Jobs,2025-09-19T05:28:56Z,https://www.adzuna.com/details/5406702813?utm_medium=api&utm_source=866ee2f8
Import/Export Specialist,Import Export Documentation Specialist,LHH,"Cedar Hills, Utah County",77321.31,77321.31,Logistics & Warehouse Jobs,2025-09-19T05:38:12Z,https://www.adzuna.com/details/5406718338?utm_medium=api&utm_source=866ee2f8
Import/Export Specialist,Import / Export Compliance Specialist,HP,"Houston, Harris County",73080.93,73080.93,Accounting & Finance Jobs,2025-08-21T16:02:35Z,https://www.adzuna.com/details/5362253091?utm_medium=api&utm_source=866ee2f8
Import/Export Specialist,Import / Export Compliance Specialist,HP,"Spring, Harris County",72257.0,72257.0,Accounting & Finance Jobs,2025-09-03T08:06:06Z,https://www.adzuna.com/details/5381120129?utm_medium=api&utm_source=866ee2f8
Import/Export Specialist,Import Export Logistics Specialist,SPX FLOW,"Delavan, Walworth County",35571.89,35571.89,Logistics & Warehouse Jobs,2025-09-18T03:08:52Z,https://www.adzuna.com/details/5404558900?utm_medium=api&utm_source=866ee2f8
Import/Export Specialist,Import / Export Logistics Specialist,Nidec Global Appliance North America,"Suwanee, Gwinnett County",77373.61,77373.61,Logistics & Warehouse Jobs,2025-08-07T16:52:51Z,https://www.adzuna.com/details/5342503985?utm_medium=api&utm_source=866ee2f8
Import/Export Specialist,Import Export Compliance Specialist TCRS4555,Trade Compliance Recruiting Solutions,"Orchard Park, Erie County",63133.76,63133.76,Admin Jobs,2025-08-21T17:16:26Z,https://www.adzuna.com/details/5362513071?utm_medium=api&utm_source=866ee2f8
Import/Export Specialist,"Specialist, Import/Export",Cole-Parmer Instrument Company,"Franklin, Norfolk County",45000.0,55000.0,Logistics & Warehouse Jobs,2025-08-29T20:41:53Z,https://www.adzuna.com/details/5374627553?utm_medium=api&utm_source=866ee2f8
Import/Export Specialist,Air Cargo Import and Export Operations Specialist,Amrecco,"Inwood, Nassau County",56371.57,56371.57,Logistics & Warehouse Jobs,2025-09-15T22:34:55Z,https://www.adzuna.com/details/5401069474?utm_medium=api&utm_source=866ee2f8
Import/Export Specialist,Account Specialist- Export/ Import,Seaboard Marine,"Miami, Miami-Dade County",38162.56,38162.56,"Energy, Oil & Gas Jobs",2025-08-02T18:53:48Z,https://www.adzuna.com/details/5335322714?utm_medium=api&utm_source=866ee2f8
Import/Export Specialist,Part-time: Air Cargo Import and Export Operations Specialist,Amrecco,"Inwood, Nassau County",52824.13,52824.13,Part time Jobs,2025-09-16T22:36:16Z,https://www.adzuna.com/details/5402559301?utm_medium=api&utm_source=866ee2f8
Import/Export Specialist,"Trade Specialist, Imports/Exports (Licensed Customs Broker)",Network Temp,"New York City, New York",65000.0,95000.0,Logistics & Warehouse Jobs,2025-08-20T18:45:19Z,https://www.adzuna.com/details/5361314943?utm_medium=api&utm_source=866ee2f8
Import/Export Specialist,Import/Export Analyst,Sanden International USA,"St Paul, Collin County",71147.2,71147.2,Logistics & Warehouse Jobs,2025-06-08T06:03:51Z,https://www.adzuna.com/details/5239980764?utm_medium=api&utm_source=866ee2f8
Import/Export Specialist,Traffic Analyst - Latin America Ocean Shipping,Oocl Usa Inc,"Riverton, Salt Lake County",78723.2,78723.2,Logistics & Warehouse Jobs,2025-07-29T17:50:24Z,https://www.adzuna.com/details/5327541393?utm_medium=api&utm_source=866ee2f8
Import/Export Specialist,Air Operations,Ottimo Resources,"Miami, Miami-Dade County",45760.0,52000.0,Logistics & Warehouse Jobs,2024-08-18T13:59:53Z,https://www.adzuna.com/details/4830663717?utm_medium=api&utm_source=866ee2f8
Import/Export Specialist,Air Import/Export Coordinator,Ottimo Resources,"Torrance, Los Angeles County",47840.0,58240.0,Logistics & Warehouse Jobs,2024-09-16T07:17:03Z,https://www.adzuna.com/details/4865352105?utm_medium=api&utm_source=866ee2f8
Import/Export Specialist,Operations Planner,"Sakata Seed America, INC.","Woodland, Yolo County",51836.77,51836.77,Manufacturing Jobs,2025-09-18T23:36:30Z,https://www.adzuna.com/details/5406332933?utm_medium=api&utm_source=866ee2f8
Import/Export Specialist,Operations Planner,Sakata Seed America,"Woodland, Yolo County",70000.0,80000.0,Manufacturing Jobs,2025-09-08T17:27:17Z,https://www.adzuna.com/details/5389831049?utm_medium=api&utm_source=866ee2f8
Import/Export Specialist,Export Specialist,Coda Staffing,"Moonachie, Bergen County",47191.3,47191.3,Logistics & Warehouse Jobs,2025-09-07T11:54:16Z,https://www.adzuna.com/details/5388339422?utm_medium=api&utm_source=866ee2f8
Import/Export Specialist,Import/Export Coordinator,CBRE,"Ridgefield, Fairfield County",77240.76,77240.76,Logistics & Warehouse Jobs,2025-09-12T18:04:01Z,https://www.adzuna.com/land/ad/5396738802?se=CpBN6q6W8BGOXOqOgVlkcw&utm_medium=api&utm_source=866ee2f8&v=CA7DD97B89FEF7619DD99EDF446D22D43CF63197
Import/Export Specialist,Trade Compliance Specialist (Hybrid),Integra LifeSciences,"Princeton, Mercer County",26840.83,26840.83,Logistics & Warehouse Jobs,2025-08-21T17:36:08Z,https://www.adzuna.com/land/ad/5362781197?se=CpBN6q6W8BGOXOqOgVlkcw&utm_medium=api&utm_source=866ee2f8&v=3B2F51732B859FEF844B6DB52F785B8D02D78B55
Import/Export Specialist,DoD Skillbridge Internship,ProteQ,"Oak Hill, Fairfax County",99590.06,99590.06,IT Jobs,2024-09-05T10:26:49Z,https://www.adzuna.com/details/4853091826?utm_medium=api&utm_source=866ee2f8
Import/Export Specialist,Customer Service Representative – Import/Export Logistics,Hensley Ind. Inc.,"North Branch, Dallas",54685.26,54685.26,Logistics & Warehouse Jobs,2025-08-29T19:46:17Z,https://www.adzuna.com/details/5374585252?utm_medium=api&utm_source=866ee2f8
Import/Export Specialist,"Director, Logistics & Warehouse",PROCEPT BioRobotics,"San Jose, Santa Clara County",129794.95,129794.95,Logistics & Warehouse Jobs,2025-09-02T04:35:42Z,https://www.adzuna.com/details/5379351481?utm_medium=api&utm_source=866ee2f8
Import/Export Specialist,"Director, Logistics & Warehouse",PROCEPT BioRobotics,"San Jose, Santa Clara County",198000.0,268000.0,Logistics & Warehouse Jobs,2025-07-05T03:22:55Z,https://www.adzuna.com/details/5286923757?utm_medium=api&utm_source=866ee2f8
Import/Export Specialist,"Senior Manager, Logistics and Trade Compliance",Lattice Semiconductor Corp.,US,121750.85,121750.85,Logistics & Warehouse Jobs,2025-09-18T15:17:25Z,https://www.adzuna.com/details/5405100730?utm_medium=api&utm_source=866ee2f8
Import/Export Specialist,Trade Compliance Specialist (Hybrid),Integra LifeSciences,"Princeton, Miami-Dade County",27706.43,27706.43,Healthcare & Nursing Jobs,2025-08-22T18:48:38Z,https://www.adzuna.com/details/5364655276?utm_medium=api&utm_source=866ee2f8
Import/Export Specialist,Trade Compliance Specialist (Hybrid),Integra LifeSciences,"Princeton, Miami-Dade County",28643.07,28643.07,Healthcare & Nursing Jobs,2025-08-22T19:35:38Z,https://www.adzuna.com/details/5364716947?utm_medium=api&utm_source=866ee2f8
Import/Export Specialist,General Interest: Agriculture Industry Roles,"Workforce Solutions, LLC",US,59177.71,59177.71,Logistics & Warehouse Jobs,2024-11-21T11:16:33Z,https://www.adzuna.com/details/4946777165?utm_medium=api&utm_source=866ee2f8
Import/Export Specialist,Americas Logistic Lead,HMH,"Houston, Harris County",97344.69,97344.69,Engineering Jobs,2025-08-07T16:53:46Z,https://www.adzuna.com/land/ad/5342508630?se=CpBN6q6W8BGOXOqOgVlkcw&utm_medium=api&utm_source=866ee2f8&v=B8D32E6BAD0B43E44B6AC84C514CF1FC471F48CF
Import/Export Specialist,Senior Specialist Customs & Trade Compliance,Abbott,"Alameda Pt, Alameda County",96555.09,96555.09,Logistics & Warehouse Jobs,2025-08-31T08:07:13Z,https://www.adzuna.com/land/ad/5376237300?se=CpBN6q6W8BGOXOqOgVlkcw&utm_medium=api&utm_source=866ee2f8&v=98B75077015487835024882D83543EE5F07DC3D8
Import/Export Specialist,Foreign Trade Zone Specialist,Electrolux Professional,"Louisville, Jefferson County",76664.08,76664.08,Logistics & Warehouse Jobs,2025-09-10T21:31:04Z,https://www.adzuna.com/land/ad/5393596472?se=CpBN6q6W8BGOXOqOgVlkcw&utm_medium=api&utm_source=866ee2f8&v=A881F5A1827C2BA24CCD7444C255B1939544646A
Import/Export Specialist,Senior Specialist Customs & Trade Compliance,Abbott,"Alameda, Alameda County",98000.0,196000.0,Logistics & Warehouse Jobs,2025-09-01T19:13:37Z,https://www.adzuna.com/details/5378848295?utm_medium=api&utm_source=866ee2f8
Import/Export Specialist,Trade Compliance Specialist,E-Space,"Arlington, Tarrant County",107029.54,107029.54,"Energy, Oil & Gas Jobs",2024-11-29T10:19:53Z,https://www.adzuna.com/details/4955699109?utm_medium=api&utm_source=866ee2f8
International Marketing Assistant,Assistant Professor - Marketing (International Business),CUNY,"Grand Central, Manhattan",94857.65,94857.65,Teaching Jobs,2025-08-06T16:47:13Z,https://www.adzuna.com/land/ad/5340568534?se=qmXm6q6W8BGXWZGfMCVfNA&utm_medium=api&utm_source=866ee2f8&v=65A4F577150D8529B8CBC226738FA008EFF0E1B3
International Marketing Assistant,International Business Development & Marketing Intern – Summer 2026,Henkel group,US,67908.82,67908.82,"PR, Advertising & Marketing Jobs",2025-09-08T17:41:02Z,https://www.adzuna.com/details/5389973082?utm_medium=api&utm_source=866ee2f8
International Marketing Assistant,Recruiting Agent (Chinese Market),Putnam Science Academy,"Putnam, Windham County",42999.98,42999.98,"PR, Advertising & Marketing Jobs",2025-07-31T15:47:22Z,https://www.adzuna.com/details/5330175162?utm_medium=api&utm_source=866ee2f8
International Marketing Assistant,Recruiting Agent (Korean Market),Putnam Science Academy,"Putnam, Windham County",47783.79,47783.79,"PR, Advertising & Marketing Jobs",2025-07-31T18:03:46Z,https://www.adzuna.com/details/5330766777?utm_medium=api&utm_source=866ee2f8
International Marketing Assistant,Employer Relations Graduate Assistant - The Career Center - FY25-26,"Seton Hall University, New Jersey","South Orange, Essex County",51935.48,51935.48,Graduate Jobs,2025-08-17T16:44:31Z,https://www.adzuna.com/details/5356729716?utm_medium=api&utm_source=866ee2f8
International Marketing Assistant,Marketing Assistant,Hill international,"Middle West, Philadelphia County",62573.25,62573.25,"PR, Advertising & Marketing Jobs",2025-08-28T15:46:52Z,https://www.adzuna.com/details/5372097790?utm_medium=api&utm_source=866ee2f8
International Marketing Assistant,Channel Marketing Specialist,Victory Capital,"Grey Forest, Bexar County",109638.75,109638.75,"PR, Advertising & Marketing Jobs",2025-08-23T20:00:01Z,https://www.adzuna.com/details/5366216348?utm_medium=api&utm_source=866ee2f8
International Marketing Assistant,Assistant Director Intl Recruit and Marketing-OOGAO,University Of Central Oklahoma,"Edmond, Oklahoma County",46350.0,,"PR, Advertising & Marketing Jobs",2025-08-27T20:51:03Z,https://www.adzuna.com/details/5371168958?utm_medium=api&utm_source=866ee2f8
Foreign Exchange Analyst,Capital Market/Foreign Exchange Markets System Analyst,Eliassen Group,"Saint Bernard, Hamilton County",134377.69,134377.69,IT Jobs,2025-09-17T18:41:10Z,https://www.adzuna.com/land/ad/5403745431?se=ShYi666W8BGdQKu1GYO5Fg&utm_medium=api&utm_source=866ee2f8&v=3DFD3A22C3B6DA4A5B0BE295153609E9ACC8758D
Foreign Exchange Analyst,Foreign Exchange (FX) Senior Trading Risk & Control Analyst,Brown Brothers Harriman & Co.,"New York City, New York",75000.0,90000.0,Accounting & Finance Jobs,2025-07-14T18:32:52Z,https://www.adzuna.com/details/5302772276?utm_medium=api&utm_source=866ee2f8
Foreign Exchange Analyst,Capital Markets Associate-Sales (F) SWAP,PNC,"SoMa, San Francisco",117745.3,117745.3,Accounting & Finance Jobs,2025-07-26T07:39:29Z,https://www.adzuna.com/land/ad/5323172612?se=ShYi666W8BGdQKu1GYO5Fg&utm_medium=api&utm_source=866ee2f8&v=886EC306FF03D46FE06A528866079CA34F6F4546
Foreign Exchange Analyst,Business Analyst,VSG Business Solutions LLC,"Ludlow, Kenton County",166400.0,187200.0,IT Jobs,2025-09-20T15:01:10Z,https://www.adzuna.com/details/5408630524?utm_medium=api&utm_source=866ee2f8
Foreign Exchange Analyst,Capital Markets Associate-Sales (F) SWAP,PNC Bank NA,"San Francisco, California",58500.0,100000.0,Accounting & Finance Jobs,2025-07-25T18:06:53Z,https://www.adzuna.com/details/5322456009?utm_medium=api&utm_source=866ee2f8
Supply Chain Coordinator,Bilingual Sales and Supply Chain Coordinator,Tri-Starr Talent,"Fort Sam Houston, Bexar County",43344.79,43344.79,Logistics & Warehouse Jobs,2025-09-13T17:10:37Z,https://www.adzuna.com/land/ad/5397918452?se=jiit666W8BGOXOqOgVlkcw&utm_medium=api&utm_source=866ee2f8&v=1D7B03D007DE91DD2A09ED70E1320D6A4CBBB1E0
Supply Chain Coordinator,Supply Chain Coordinator,AdventHealth,"Glendale, Denver",59642.76,59642.76,Logistics & Warehouse Jobs,2025-08-29T17:33:13Z,https://www.adzuna.com/land/ad/5374366532?se=jiit666W8BGOXOqOgVlkcw&utm_medium=api&utm_source=866ee2f8&v=905D46937E4F61A4FB9C62D499E8802A2A57BDA8
Supply Chain Coordinator,Supply Chain Coordinator,Aston Carter,"Waukesha, Waukesha County",64800.41,64800.41,Accounting & Finance Jobs,2025-09-16T18:49:41Z,https://www.adzuna.com/land/ad/5402244086?se=jiit666W8BGOXOqOgVlkcw&utm_medium=api&utm_source=866ee2f8&v=D817FB5C7743A9F9E32E85E365C844EB4D5D5680
Supply Chain Coordinator,Supply Chain Coordinator,TATCHA,"SoMa, San Francisco",70379.91,70379.91,Admin Jobs,2025-07-26T07:41:49Z,https://www.adzuna.com/land/ad/5323174876?se=jiit666W8BGOXOqOgVlkcw&utm_medium=api&utm_source=866ee2f8&v=CE50F75D233944345743CC892C61E740363D1A3A
Supply Chain Coordinator,Supply Chain Coordinator,Emory Healthcare/Emory University,"Atlanta, Fulton County",62314.14,62314.14,Logistics & Warehouse Jobs,2025-09-19T18:59:08Z,https://www.adzuna.com/land/ad/5407783545?se=jiit666W8BGOXOqOgVlkcw&utm_medium=api&utm_source=866ee2f8&v=B31A2649BE87200830F0F627B57252B9E8CD0310
Supply Chain Coordinator,Bilingual Sales and Supply Chain Coordinator,Tri-Starr Talent,"San Antonio, Bexar County",43524.94,43524.94,Logistics & Warehouse Jobs,2025-09-13T01:37:33Z,https://www.adzuna.com/land/ad/5397319992?se=jiit666W8BGOXOqOgVlkcw&utm_medium=api&utm_source=866ee2f8&v=201B7900C588967CCBAE35843DABA21B3E649726
Supply Chain Coordinator,Supply Chain Coordinator Logistics,OhioHealth,"Van Wert, Van Wert County",47393.08,47393.08,Healthcare & Nursing Jobs,2025-09-18T18:37:07Z,https://www.adzuna.com/land/ad/5405495649?se=jiit666W8BGOXOqOgVlkcw&utm_medium=api&utm_source=866ee2f8&v=E56369EF6402DA964D7C00BDB2C3A68AA2C765A7
Supply Chain Coordinator,Supply Chain Coordinator - Lourdes Hospital,Bon Secours Mercy Health,"Avondale, McCracken County",43288.73,43288.73,Logistics & Warehouse Jobs,2025-09-16T18:37:06Z,https://www.adzuna.com/land/ad/5402211491?se=jiit666W8BGOXOqOgVlkcw&utm_medium=api&utm_source=866ee2f8&v=FF4B7918A25A5A20A56FFA1434678E5893E32B43
Supply Chain Coordinator,Supply Chain Coordinator,Foxconn Industrial Internet,"Mount Pleasant, Racine County",69782.41,69782.41,IT Jobs,2025-08-22T20:02:16Z,https://www.adzuna.com/details/5364745182?utm_medium=api&utm_source=866ee2f8
Supply Chain Coordinator,Supply Chain Coordinator,MRA Recruiting Services,"Menomonee Falls, Waukesha County",48479.33,48479.33,Manufacturing Jobs,2025-09-20T03:30:03Z,https://www.adzuna.com/details/5408316472?utm_medium=api&utm_source=866ee2f8
Supply Chain Coordinator,Supply Chain Coordinator,Mixam,"Chicago, Cook County",55319.42,55319.42,Logistics & Warehouse Jobs,2025-09-19T14:31:28Z,https://www.adzuna.com/details/5407148797?utm_medium=api&utm_source=866ee2f8
Supply Chain Coordinator,Supply Chain Coordinator,Top Candidate Search Group,"Natick, Middlesex County",56927.16,56927.16,Logistics & Warehouse Jobs,2025-09-06T18:59:21Z,https://www.adzuna.com/land/ad/5387681249?se=jiit666W8BGOXOqOgVlkcw&utm_medium=api&utm_source=866ee2f8&v=4B4652C11F2792AE5FC227BCD5C6310F9EC51CED
Supply Chain Coordinator,Supply Chain Coordinator,Brilliant Financial Staffing - IL,"Wheeling, Cook County",54618.6,54618.6,Logistics & Warehouse Jobs,2025-09-18T23:24:34Z,https://www.adzuna.com/details/5406298966?utm_medium=api&utm_source=866ee2f8
Supply Chain Coordinator,Supply Chain Coordinator,AH Rocky Mountain,"Glendale, Denver",68679.96,68679.96,Logistics & Warehouse Jobs,2025-08-31T19:36:56Z,https://www.adzuna.com/details/5376844148?utm_medium=api&utm_source=866ee2f8
Supply Chain Coordinator,Supply Chain Coordinator,BrightSign,"San Jose, Santa Clara County",65000.0,70000.0,Logistics & Warehouse Jobs,2025-05-23T04:53:24Z,https://www.adzuna.com/details/5212084967?utm_medium=api&utm_source=866ee2f8
Supply Chain Coordinator,Supply Chain Coordinator,Presbyterian Healthcare Services,"Albuquerque, Bernalillo County",43804.06,43804.06,Logistics & Warehouse Jobs,2025-09-18T15:16:08Z,https://www.adzuna.com/details/5405099584?utm_medium=api&utm_source=866ee2f8
Supply Chain Coordinator,Supply Chain Coordinator,Presbyterian Healthcare Services,"Panorama Heights, Sandoval County",61321.56,61321.56,Logistics & Warehouse Jobs,2025-09-18T15:16:08Z,https://www.adzuna.com/details/5405099586?utm_medium=api&utm_source=866ee2f8
Supply Chain Coordinator,Supply Chain Coordinator,AdventHealth Medical Group West FL,"Temple Terrace, Hillsborough County",54728.66,54728.66,Healthcare & Nursing Jobs,2025-08-07T15:55:52Z,https://www.adzuna.com/details/5342278764?utm_medium=api&utm_source=866ee2f8
Supply Chain Coordinator,Supply Chain Coordinator,AdventHealth Colorado,"Denver, Colorado",44075.0,70512.0,Logistics & Warehouse Jobs,2025-08-30T08:04:53Z,https://www.adzuna.com/details/5375077653?utm_medium=api&utm_source=866ee2f8
Supply Chain Coordinator,Supply Chain Coordinator,AdventHealth,"Tampa, Hillsborough County",57309.77,57309.77,Logistics & Warehouse Jobs,2025-08-24T09:22:46Z,https://www.adzuna.com/details/5366567180?utm_medium=api&utm_source=866ee2f8
Supply Chain Coordinator,Supply Chain Coordinator,"Fluid Path Products, LLC","Middlesex, Middlesex County",63976.36,63976.36,Logistics & Warehouse Jobs,2025-09-20T23:28:54Z,https://www.adzuna.com/details/5409333862?utm_medium=api&utm_source=866ee2f8
Supply Chain Coordinator,Supply Chain Coordinator,Creative Financial Staffing,"Worthington, Franklin County",29440.96,29440.96,Admin Jobs,2025-09-18T08:28:25Z,https://www.adzuna.com/details/5404772931?utm_medium=api&utm_source=866ee2f8
Supply Chain Coordinator,Supply Chain Coordinator,Münzing North America,"Bloomfield, Essex County",75000.0,85000.0,Logistics & Warehouse Jobs,2025-09-01T20:07:02Z,https://www.adzuna.com/details/5378887514?utm_medium=api&utm_source=866ee2f8
Supply Chain Coordinator,Supply Chain Coordinator,Foxconn Industrial Internet,"Sturtevant, Racine County",59709.92,59709.92,IT Jobs,2025-08-24T17:40:44Z,https://www.adzuna.com/details/5367000710?utm_medium=api&utm_source=866ee2f8
Supply Chain Coordinator,Supply Chain Coordinator,Tasty Brands,"Syosset, Nassau County",65000.0,,Logistics & Warehouse Jobs,2025-09-07T16:52:23Z,https://www.adzuna.com/details/5388576235?utm_medium=api&utm_source=866ee2f8
Supply Chain Coordinator,Supply Chain Coordinator,LHH,"Raleigh Hills, Washington County",75895.59,75895.59,Logistics & Warehouse Jobs,2025-09-19T21:11:30Z,https://www.adzuna.com/details/5407938644?utm_medium=api&utm_source=866ee2f8
Supply Chain Coordinator,Supply Chain Coordinator,LHH,"Milwaukie, Clackamas County",76564.42,76564.42,Logistics & Warehouse Jobs,2025-09-19T21:15:43Z,https://www.adzuna.com/details/5407940700?utm_medium=api&utm_source=866ee2f8
Supply Chain Coordinator,Supply Chain Coordinator,LHH,"Maywood Park, Multnomah County",75658.27,75658.27,Logistics & Warehouse Jobs,2025-09-19T21:15:58Z,https://www.adzuna.com/details/5407940749?utm_medium=api&utm_source=866ee2f8
Supply Chain Coordinator,Supply Chain Coordinator,Velofi,"Brunswick, Glynn County",60413.3,60413.3,Logistics & Warehouse Jobs,2025-08-14T17:37:37Z,https://www.adzuna.com/details/5352934597?utm_medium=api&utm_source=866ee2f8
Supply Chain Coordinator,Supply Chain Coordinator,LHH,"Beaverton, Gladwin County",77949.75,77949.75,Logistics & Warehouse Jobs,2025-09-19T20:57:13Z,https://www.adzuna.com/details/5407927431?utm_medium=api&utm_source=866ee2f8
Supply Chain Coordinator,Supply Chain Coordinator,LHH,US,77424.02,77424.02,Logistics & Warehouse Jobs,2025-09-19T21:00:27Z,https://www.adzuna.com/details/5407928943?utm_medium=api&utm_source=866ee2f8
Supply Chain Coordinator,Supply Chain Coordinator,LHH,"Portland, Traill County",77300.89,77300.89,Logistics & Warehouse Jobs,2025-09-19T21:16:01Z,https://www.adzuna.com/details/5407940760?utm_medium=api&utm_source=866ee2f8
Supply Chain Coordinator,Supply Chain Coordinator,LHH,"Portland, Fremont County",77909.32,77909.32,Logistics & Warehouse Jobs,2025-09-18T17:55:22Z,https://www.adzuna.com/details/5405262002?utm_medium=api&utm_source=866ee2f8
Supply Chain Coordinator,Supply Chain Coordinator,BASF,"Greenville, Darke County",68699.41,68699.41,Logistics & Warehouse Jobs,2025-09-06T17:18:51Z,https://www.adzuna.com/land/ad/5387266648?se=jiit666W8BGOXOqOgVlkcw&utm_medium=api&utm_source=866ee2f8&v=749310DCB2E04CFC818A28A160E28030F825F58C
Supply Chain Coordinator,Supply Chain Coordinator,Aston Carter,"Waukesha, Waukesha County",90163.67,90163.67,Accounting & Finance Jobs,2025-09-17T07:19:44Z,https://www.adzuna.com/details/5403025104?utm_medium=api&utm_source=866ee2f8
Supply Chain Coordinator,Supply Chain Coordinator,Strategic HR Client,"Dayton, Montgomery County",48680.77,48680.77,Logistics & Warehouse Jobs,2025-09-04T20:15:15Z,https://www.adzuna.com/details/5384068823?utm_medium=api&utm_source=866ee2f8
Supply Chain Coordinator,Supply Chain Coordinator,Building Composites,"Moraine, Montgomery County",51135.76,51135.76,Logistics & Warehouse Jobs,2025-09-03T11:44:35Z,https://www.adzuna.com/details/5381293505?utm_medium=api&utm_source=866ee2f8
Supply Chain Coordinator,Supply Chain Coordinator,Imperial Dade,"Tyler Park, Hudson County",52409.75,52409.75,Logistics & Warehouse Jobs,2025-08-30T11:12:44Z,https://www.adzuna.com/details/5375151499?utm_medium=api&utm_source=866ee2f8
Supply Chain Coordinator,Supply Chain Coordinator,"JELD-WEN, Inc.","Grand Prairie, Jersey County",62304.93,62304.93,Admin Jobs,2025-08-29T08:09:59Z,https://www.adzuna.com/details/5373330991?utm_medium=api&utm_source=866ee2f8
Supply Chain Coordinator,Supply Chain Coordinator,ADT,"Miami, Miami-Dade County",37058.19,37058.19,Logistics & Warehouse Jobs,2025-09-19T16:55:35Z,https://www.adzuna.com/details/5407280106?utm_medium=api&utm_source=866ee2f8
Supply Chain Coordinator,Supply Chain Coordinator,ADT,"Augusta, Richmond County",51672.66,51672.66,Logistics & Warehouse Jobs,2025-09-11T19:03:17Z,https://www.adzuna.com/details/5395254282?utm_medium=api&utm_source=866ee2f8
Supply Chain Coordinator,Supply Chain Coordinator,ADT,"Springfield, Fairfax County",34075.36,34075.36,Logistics & Warehouse Jobs,2025-09-19T18:33:21Z,https://www.adzuna.com/details/5407358574?utm_medium=api&utm_source=866ee2f8
Supply Chain Coordinator,Supply Chain Coordinator,Carbon Medical Technologies,"White Bear Lake, Ramsey County",48000.0,62000.0,Logistics & Warehouse Jobs,2025-08-23T18:58:49Z,https://www.adzuna.com/details/5366096392?utm_medium=api&utm_source=866ee2f8
Supply Chain Coordinator,Supply Chain Coordinator,NextPhase Medical Devices,"Pleasanton, Alameda County",55489.98,55489.98,Admin Jobs,2025-09-08T19:07:41Z,https://www.adzuna.com/details/5390060893?utm_medium=api&utm_source=866ee2f8
Supply Chain Coordinator,Supply Chain Coordinator,ADT,"Aurora, Arapahoe County",32947.0,54912.0,Logistics & Warehouse Jobs,2025-09-07T20:01:48Z,https://www.adzuna.com/details/5388902456?utm_medium=api&utm_source=866ee2f8
Supply Chain Coordinator,Supply Chain Coordinator,Switch,"Las Vegas, Clark County",56829.68,56829.68,IT Jobs,2025-06-26T05:47:55Z,https://www.adzuna.com/details/5269164190?utm_medium=api&utm_source=866ee2f8
Supply Chain Coordinator,Supply Chain Coordinator,Lister Fertility Clinic,"Portland, Fremont County",35166.72,35166.72,Healthcare & Nursing Jobs,2025-09-06T08:14:06Z,https://www.adzuna.com/details/5386691205?utm_medium=api&utm_source=866ee2f8
Supply Chain Coordinator,Supply Chain Coordinator,ADT,"Aurora, Aurora County",32947.0,54912.0,Logistics & Warehouse Jobs,2025-09-07T08:17:58Z,https://www.adzuna.com/details/5388204446?utm_medium=api&utm_source=866ee2f8
Supply Chain Coordinator,Supply Chain Coordinator,Addtronics,"Deep River, Middlesex County",55473.79,55473.79,Logistics & Warehouse Jobs,2025-08-15T18:53:17Z,https://www.adzuna.com/details/5354699155?utm_medium=api&utm_source=866ee2f8
Supply Chain Coordinator,Supply Chain Coordinator,Knape and Vogt Manufacturing Company,"Grand Rapids, Kent County",84534.53,84534.53,Admin Jobs,2025-09-19T18:27:26Z,https://www.adzuna.com/details/5407343631?utm_medium=api&utm_source=866ee2f8
International Sales Support Specialist,International Sales Operations Specialist,Alarm.com,"Tysons, Fairfax County",74519.98,74519.98,Sales Jobs,2025-05-19T03:51:29Z,https://www.adzuna.com/details/5205813589?utm_medium=api&utm_source=866ee2f8
International Sales Support Specialist,Sales Support,KHA Koki Holdings America,"Braselton, Jackson County",56338.57,56338.57,Sales Jobs,2025-07-04T02:02:29Z,https://www.adzuna.com/details/5283489695?utm_medium=api&utm_source=866ee2f8
International Sales Support Specialist,Sales Support Specialist,Sinclair Systems International Llc,"Malaga, Fresno County",44990.0,54995.0,Sales Jobs,2025-09-08T18:36:30Z,https://www.adzuna.com/details/5390032589?utm_medium=api&utm_source=866ee2f8
Global Operations Assistant,"Global Operations - Assistant, Chief of Staff and Global Head of Real Estate & Facilities",Creative Artists Agency,"Los Angeles, Los Angeles County",49920.0,56160.0,Admin Jobs,2025-08-11T20:39:55Z,https://www.adzuna.com/details/5348529197?utm_medium=api&utm_source=866ee2f8
Global Operations Assistant,Quality Control Manager,TA Resources LLC,"Round Lake, Lake County",71158.54,71158.54,Manufacturing Jobs,2025-08-08T17:29:32Z,https://www.adzuna.com/details/5344627786?utm_medium=api&utm_source=866ee2f8
Global Operations Assistant,Operations Assistant/Analyst,TechTrex Inc./KioSoft Technologies LLC,"Boynton Beach, Palm Beach County",50000.0,60000.0,Admin Jobs,2025-08-16T20:23:00Z,https://www.adzuna.com/details/5356165023?utm_medium=api&utm_source=866ee2f8
Global Operations Assistant,Operations Coordinator,TechTrex Inc./KioSoft Technologies LLC,"Boynton Beach, Palm Beach County",50000.0,60000.0,Admin Jobs,2025-09-05T20:17:48Z,https://www.adzuna.com/details/5385833436?utm_medium=api&utm_source=866ee2f8
Global Operations Assistant,Operations Coordinator,TechTrex Inc./KioSoft Technologies LLC,"Lakesite, Hamilton County",50000.0,60000.0,Admin Jobs,2025-09-05T16:01:55Z,https://www.adzuna.com/details/5385160572?utm_medium=api&utm_source=866ee2f8
Global Operations Assistant,Operations Assistant/Analyst,TechTrex Inc./KioSoft Technologies LLC,"Boynton Beach, Palm Beach County",100083.07,100083.07,Admin Jobs,2025-09-20T23:29:00Z,https://www.adzuna.com/details/5409334047?utm_medium=api&utm_source=866ee2f8
Global Operations Assistant,Network Engineer,Eagle Eye Networks Inc,"Austin, Travis County",124074.29,124074.29,IT Jobs,2025-08-01T16:54:55Z,https://www.adzuna.com/details/5332885362?utm_medium=api&utm_source=866ee2f8
Global Operations Assistant,Lead Trade Compliance Partner (1309),Hyundai Translead,"San Diego, San Diego County",98200.0,117800.0,Logistics & Warehouse Jobs,2025-09-06T07:51:57Z,https://www.adzuna.com/details/5386664985?utm_medium=api&utm_source=866ee2f8
Global Operations Assistant,International Trade Compliance Analyst I,New York USA,US,60000.0,65000.0,Scientific & QA Jobs,2025-09-14T16:58:03Z,https://www.adzuna.com/details/5399375103?utm_medium=api&utm_source=866ee2f8
Global Operations Assistant,International Trade Compliance Analyst I,Massachusetts USA,US,60000.0,65000.0,Scientific & QA Jobs,2025-09-14T17:06:08Z,https://www.adzuna.com/details/5399376505?utm_medium=api&utm_source=866ee2f8
Global Operations Assistant,International Trade Compliance Analyst I,California USA,"Lemoore, Kings County",60000.0,65000.0,Scientific & QA Jobs,2025-09-14T18:08:43Z,https://www.adzuna.com/details/5399604573?utm_medium=api&utm_source=866ee2f8
Global Operations Assistant,International Trade Compliance Analyst I,New Jersey USA,"Laurel Lake, Cumberland County",60000.0,65000.0,Scientific & QA Jobs,2025-09-14T18:07:34Z,https://www.adzuna.com/details/5399602336?utm_medium=api&utm_source=866ee2f8
Global Operations Assistant,International Trade Compliance Analyst I,New Hampshire USA,"Merrimack, Hillsborough County",86425.39,86425.39,Scientific & QA Jobs,2025-09-14T19:24:14Z,https://www.adzuna.com/details/5399717581?utm_medium=api&utm_source=866ee2f8
Global Operations Assistant,International Trade Compliance Analyst I,Virginia USA,"Bonsack, Roanoke",81698.12,81698.12,Scientific & QA Jobs,2025-09-14T18:40:29Z,https://www.adzuna.com/details/5399657782?utm_medium=api&utm_source=866ee2f8
Global Operations Assistant,Global Seed Operations Senior Finance Analyst,Corteva Agriscience,"Wilmington, New Castle County",94364.1,94364.1,Accounting & Finance Jobs,2025-08-28T17:52:53Z,https://www.adzuna.com/land/ad/5372731993?se=oqvO7K6W8BGdQKu1GYO5Fg&utm_medium=api&utm_source=866ee2f8&v=6A324D735A0EEEC55D67F9ECF9A061F4AF4ADA5D
Global Operations Assistant,Global Seed Operations Senior Finance Analyst,Corteva Agriscience,"Des Moines, Polk County",93518.2,93518.2,Accounting & Finance Jobs,2025-08-29T10:02:15Z,https://www.adzuna.com/land/ad/5373529550?se=oqvO7K6W8BGdQKu1GYO5Fg&utm_medium=api&utm_source=866ee2f8&v=A1AB54EFB7E4B557C6C9CEF3F881CF028D6707CE
Global Operations Assistant,Global Seed Operations Senior Finance Analyst,Corteva Agriscience,"Uptown, Marion County",91038.33,91038.33,Accounting & Finance Jobs,2025-08-28T16:28:01Z,https://www.adzuna.com/land/ad/5372178947?se=oqvO7K6W8BGdQKu1GYO5Fg&utm_medium=api&utm_source=866ee2f8&v=2306E6A5ED13E4F02A2C59AF8F5DF2DCC01670AE
Global Operations Assistant,Network Engineer,Eagle Eye Networks,"West Lake Hills, Travis County",113604.69,113604.69,IT Jobs,2025-08-03T17:22:03Z,https://www.adzuna.com/details/5336532305?utm_medium=api&utm_source=866ee2f8
Global Operations Assistant,Program Manager (Junior-Mid-Level),Fuel Consulting,"Herndon, Fairfax County",182748.6,182748.6,IT Jobs,2025-05-29T15:51:07Z,https://www.adzuna.com/details/5222418009?utm_medium=api&utm_source=866ee2f8
Global Operations Assistant,Entry-Level Trade Operations Analyst (Remote),"Import Logistics, Inc","Detroit, Wayne County",162240.0,162240.0,Logistics & Warehouse Jobs,2025-09-09T02:02:22Z,https://www.adzuna.com/details/5390413959?utm_medium=api&utm_source=866ee2f8
Global Operations Assistant,Global Program Delivery Director,CWT,US,111497.3,111497.3,Accounting & Finance Jobs,2024-08-04T05:42:25Z,https://www.adzuna.com/details/4809776702?utm_medium=api&utm_source=866ee2f8
Global Operations Assistant,International Trade Compliance Analyst I (New Hampshire),"CAMP Systems International, Inc.","Waynesfield, Auglaize County",51600.46,51600.46,Scientific & QA Jobs,2025-09-12T14:34:16Z,https://www.adzuna.com/details/5396150578?utm_medium=api&utm_source=866ee2f8
Global Operations Assistant,Global Seed Operations Senior Finance Analyst,Corteva Agriscience,"Johnston, Providence County",90160.92,90160.92,Accounting & Finance Jobs,2025-08-29T19:24:49Z,https://www.adzuna.com/details/5374561369?utm_medium=api&utm_source=866ee2f8
Global Operations Assistant,Sr. Site Reliability Engineer - Talent Day,Visa,"Austin, Travis County",93760.84,93760.84,IT Jobs,2025-09-03T23:29:59Z,https://www.adzuna.com/details/5382441894?utm_medium=api&utm_source=866ee2f8
Global Operations Assistant,Planner (Leesburg),"ICON Consultants, LP","Leesburg, Loudoun County",87823.07,87823.07,IT Jobs,2025-09-13T09:32:19Z,https://www.adzuna.com/details/5397607720?utm_medium=api&utm_source=866ee2f8
Global Operations Assistant,Help Desk Administrator,Mycronic USA,"Tewksbury, Middlesex County",70893.76,70893.76,IT Jobs,2025-08-13T21:21:00Z,https://www.adzuna.com/details/5351743097?utm_medium=api&utm_source=866ee2f8
Global Operations Assistant,Aerospace Response Center Watch Officer,GE Aerospace,"Sharonville, Hamilton County",67340.78,67340.78,Engineering Jobs,2025-09-16T18:23:33Z,https://www.adzuna.com/land/ad/5401909783?se=oqvO7K6W8BGdQKu1GYO5Fg&utm_medium=api&utm_source=866ee2f8&v=6B5E72DCD27409E82F1EC21AD8DF1E5A29154CD6
Global Operations Assistant,Senior Specialty Trainer - GIS,Rmgs Inc,US,97385.35,97385.35,IT Jobs,2025-06-27T06:39:15Z,https://www.adzuna.com/details/5271383307?utm_medium=api&utm_source=866ee2f8
Global Operations Assistant,Senior Specialty Trainer - ECM,Rmgs Inc,US,93648.15,93648.15,IT Jobs,2025-06-25T04:31:18Z,https://www.adzuna.com/details/5267005566?utm_medium=api&utm_source=866ee2f8
Global Operations Assistant,Senior Program Manager - Global PMO Operations,KBI Biopharma,US,118000.0,162800.0,IT Jobs,2025-03-27T23:49:28Z,https://www.adzuna.com/details/5114930739?utm_medium=api&utm_source=866ee2f8
Global Operations Assistant,Specialty Trainer,Rmgs Inc,US,79689.76,79689.76,Healthcare & Nursing Jobs,2025-06-27T05:17:29Z,https://www.adzuna.com/details/5271129432?utm_medium=api&utm_source=866ee2f8
Global Operations Assistant,Senior Specialty Trainer - Medical,Rmgs Inc,US,83894.28,83894.28,Healthcare & Nursing Jobs,2025-06-26T06:22:05Z,https://www.adzuna.com/details/5269309520?utm_medium=api&utm_source=866ee2f8
Global Operations Assistant,Cloud Services Database Specialist,CENTRIC SOFTWARE INC,US,143328.75,143328.75,IT Jobs,2025-09-08T18:33:31Z,https://www.adzuna.com/details/5390030343?utm_medium=api&utm_source=866ee2f8
Global Operations Assistant,Senior Specialty Trainer - CMD/IEDD,Rmgs Inc,US,99316.15,99316.15,Healthcare & Nursing Jobs,2025-06-25T06:16:47Z,https://www.adzuna.com/details/5267107971?utm_medium=api&utm_source=866ee2f8
Global Operations Assistant,Technical Advisor,Mcr Oil Tools,"Arlington, Tarrant County",95000.0,,Admin Jobs,2025-09-01T20:26:35Z,https://www.adzuna.com/details/5378905488?utm_medium=api&utm_source=866ee2f8
Global Operations Assistant,Technical Trainers,Rmgs Inc,US,82531.1,82531.1,IT Jobs,2025-06-26T05:18:49Z,https://www.adzuna.com/details/5269119075?utm_medium=api&utm_source=866ee2f8
Global Operations Assistant,VP of sales,MBR Partners,"California, US",226427.3,226427.3,Sales Jobs,2025-07-31T18:29:42Z,https://www.adzuna.com/details/5330798089?utm_medium=api&utm_source=866ee2f8
Global Operations Assistant,Operations College Co-op,MSP Industries Corporation,"Oxford, Oakland County",24733.44,24733.44,Engineering Jobs,2025-07-20T19:31:31Z,https://www.adzuna.com/details/5314034902?utm_medium=api&utm_source=866ee2f8
Global Operations Assistant,Executive Assistant - GTO,Procter & Gamble,"Saint Bernard, Hamilton County",75346.06,75346.06,HR & Recruitment Jobs,2025-09-18T18:43:27Z,https://www.adzuna.com/land/ad/5405693676?se=oqvO7K6W8BGdQKu1GYO5Fg&utm_medium=api&utm_source=866ee2f8&v=A6101AC16FE4FBCDA0D563151D210E9CFF8CAAE5
Global Operations Assistant,Aerospace Response Center Watch Officer,GE Aerospace,"Evendale, Juniata County",73994.02,73994.02,IT Jobs,2025-09-17T21:53:53Z,https://www.adzuna.com/details/5404332325?utm_medium=api&utm_source=866ee2f8
Global Operations Assistant,Senior Financial Analyst,Chubb,"Philadelphia, Philadelphia County",108365.55,108365.55,Accounting & Finance Jobs,2025-05-03T19:52:26Z,https://www.adzuna.com/details/5179501681?utm_medium=api&utm_source=866ee2f8
Global Operations Assistant,Senior Technical Trainer - Engagement/CIMIC,Rmgs Inc,US,92091.52,92091.52,Legal Jobs,2025-06-27T05:34:12Z,https://www.adzuna.com/details/5271147744?utm_medium=api&utm_source=866ee2f8
Global Operations Assistant,In-Country Team Lead,Rmgs Inc,US,90074.8,90074.8,Engineering Jobs,2025-06-26T09:19:08Z,https://www.adzuna.com/details/5269488455?utm_medium=api&utm_source=866ee2f8
Global Operations Assistant,SITE IT OPERATIONS ENGINEER,OPmobility,"Greer, Greenville County",93503.58,93503.58,IT Jobs,2025-09-18T08:29:09Z,https://www.adzuna.com/details/5404779221?utm_medium=api&utm_source=866ee2f8
Global Operations Assistant,GNOSC Server/Applications/Watch Officer - (GSAWO080625.1),Cimarron,"Colorado Springs, El Paso County",68339.17,68339.17,IT Jobs,2025-09-18T18:20:54Z,https://www.adzuna.com/land/ad/5405283019?se=oqvO7K6W8BGdQKu1GYO5Fg&utm_medium=api&utm_source=866ee2f8&v=635C1BCA7C8128964BA9F9C0486FBD0340E454EA
Global Operations Assistant,Reporting and Scheduling Coordinator,Zurich NA,"Stevens Point, Portage County",54492.84,54492.84,Admin Jobs,2025-09-10T18:26:37Z,https://www.adzuna.com/land/ad/5393388102?se=oqvO7K6W8BGdQKu1GYO5Fg&utm_medium=api&utm_source=866ee2f8&v=66D59E71C4F2D2A2122D2591ABF278F6F08C7BCC
Global Operations Assistant,Warehouse Operations Manager,MRC Global US,"Grand Prairie, Dallas",53460.93,53460.93,Logistics & Warehouse Jobs,2025-09-17T18:25:25Z,https://www.adzuna.com/details/5403647325?utm_medium=api&utm_source=866ee2f8
Global Operations Assistant,Print Production Coordinator,The Walt Disney Company,"Burbank, Los Angeles County",53300.0,71300.0,"PR, Advertising & Marketing Jobs",2025-08-30T17:20:52Z,https://www.adzuna.com/details/5375639807?utm_medium=api&utm_source=866ee2f8
Global Operations Assistant,Exercise Planner,Significance Inc,"Washington, D.C., US",107398.45,107398.45,IT Jobs,2025-09-12T03:50:40Z,https://www.adzuna.com/details/5395699684?utm_medium=api&utm_source=866ee2f8
Global Operations Assistant,Exercise Planner,Significance,"Washington, Washington, D.C.",116354.77,116354.77,IT Jobs,2025-03-18T23:27:02Z,https://www.adzuna.com/details/5100266659?utm_medium=api&utm_source=866ee2f8
