Major,School,Link
Academic Catalog 2025-2026,College of Science,https://catalog.northeastern.edu/undergraduate/science/
2025-2026 Edition,College of Science,https://catalog.northeastern.edu/undergraduate/science/
PlusOne Programs,College of Science,https://catalog.northeastern.edu/undergraduate/science/
Academic Advising,College of Science,https://catalog.northeastern.edu/undergraduate/science/
Graduation Clearance Process,College of Science,https://catalog.northeastern.edu/undergraduate/science/
Academic Progression Standards,College of Science,https://catalog.northeastern.edu/undergraduate/science/
Criteria for Academic Probation,College of Science,https://catalog.northeastern.edu/undergraduate/science/
First-year Students:,College of Science,https://catalog.northeastern.edu/undergraduate/science/
Upperclass and Transfer Students:,College of Science,https://catalog.northeastern.edu/undergraduate/science/
Academic Dismissal from Major,College of Science,https://catalog.northeastern.edu/undergraduate/science/
Academic Dismissal from University,College of Science,https://catalog.northeastern.edu/undergraduate/science/
Campus Locations,College of Science,https://catalog.northeastern.edu/undergraduate/science/
Quick Links,College of Science,https://catalog.northeastern.edu/undergraduate/science/
Print Options,College of Science,https://catalog.northeastern.edu/undergraduate/science/
Undergraduate Academic Standards,College of Engineering,https://catalog.northeastern.edu/undergraduate/engineering/
Criteria for Academic Dismissal,College of Engineering,https://catalog.northeastern.edu/undergraduate/engineering/
Satisfactory/Unsatisfactory Graded Coursework,College of Engineering,https://catalog.northeastern.edu/undergraduate/engineering/
Business Administration,D'Amore-McKim School of Business,https://catalog.northeastern.edu/undergraduate/business/business-administration-bsba/
Busines Administration,D'Amore-McKim School of Business,https://catalog.northeastern.edu/undergraduate/business/business-administration-bsba-oak/
International Business,D'Amore-McKim School of Business,https://catalog.northeastern.edu/undergraduate/business/international-business-bsib/
Business Administration and Law,D'Amore-McKim School of Business,https://catalog.northeastern.edu/undergraduate/business/business-administration-law-bs/
Interdisciplinary Studies,D'Amore-McKim School of Business,https://catalog.northeastern.edu/undergraduate/business/interdisciplinary-studies-bs/
Satisfactory/Unsatisfactory Option,D'Amore-McKim School of Business,https://catalog.northeastern.edu/undergraduate/business/
University Transfer Policy,D'Amore-McKim School of Business,https://catalog.northeastern.edu/undergraduate/business/
Accounting,D'Amore-McKim School of Business,https://catalog.northeastern.edu/undergraduate/business/
Entrepreneurship and Innovation,D'Amore-McKim School of Business,https://catalog.northeastern.edu/undergraduate/business/
Finance,D'Amore-McKim School of Business,https://catalog.northeastern.edu/undergraduate/business/
International Business and Strategy,D'Amore-McKim School of Business,https://catalog.northeastern.edu/undergraduate/business/
Management and Organizational Development,D'Amore-McKim School of Business,https://catalog.northeastern.edu/undergraduate/business/
Marketing,D'Amore-McKim School of Business,https://catalog.northeastern.edu/undergraduate/business/
Supply Chain and Information Management,D'Amore-McKim School of Business,https://catalog.northeastern.edu/undergraduate/business/
Management Information Systems,D'Amore-McKim School of Business,https://catalog.northeastern.edu/undergraduate/business/
First-Year Students,Northeastern University,https://catalog.northeastern.edu/undergraduate/computer-information-science/
Upperclass and Transfer Students,Northeastern University,https://catalog.northeastern.edu/undergraduate/computer-information-science/
Program Length,Northeastern University,https://catalog.northeastern.edu/undergraduate/computer-information-science/
Experiential Liberal Arts Requirement,College of Social Sciences and Humanities,https://catalog.northeastern.edu/undergraduate/social-sciences-humanities/
Africana Studies,College of Social Sciences and Humanities,https://catalog.northeastern.edu/
American Sign Language,College of Social Sciences and Humanities,https://catalog.northeastern.edu/
Anthropology,College of Social Sciences and Humanities,https://catalog.northeastern.edu/
Applied Physics,College of Science,https://catalog.northeastern.edu/
Architecture,"College of Arts, Media and Design",https://catalog.northeastern.edu/
Art,"College of Arts, Media and Design",https://catalog.northeastern.edu/
Behavioral Neuroscience,College of Science,https://catalog.northeastern.edu/
Biochemistry,College of Science,https://catalog.northeastern.edu/
Biology,College of Science,https://catalog.northeastern.edu/
Bioengineering,College of Engineering,https://catalog.northeastern.edu/
Chemical Engineering,College of Engineering,https://catalog.northeastern.edu/
Chemistry,College of Science,https://catalog.northeastern.edu/
Civil Engineering,College of Engineering,https://catalog.northeastern.edu/
Communication Studies,College of Social Sciences and Humanities,https://catalog.northeastern.edu/
Computer Engineering,College of Engineering,https://catalog.northeastern.edu/
Computer Science,Khoury College of Computer Sciences,https://catalog.northeastern.edu/
Criminal Justice,College of Social Sciences and Humanities,https://catalog.northeastern.edu/
Data Science,Khoury College of Computer Sciences,https://catalog.northeastern.edu/
Economics,College of Social Sciences and Humanities,https://catalog.northeastern.edu/
Electrical Engineering,College of Engineering,https://catalog.northeastern.edu/
English,College of Social Sciences and Humanities,https://catalog.northeastern.edu/
Environmental Engineering,College of Engineering,https://catalog.northeastern.edu/
Environmental Science,College of Science,https://catalog.northeastern.edu/
Game Design,"College of Arts, Media and Design",https://catalog.northeastern.edu/
Graphic Design,"College of Arts, Media and Design",https://catalog.northeastern.edu/
History,College of Social Sciences and Humanities,https://catalog.northeastern.edu/
Industrial Engineering,College of Engineering,https://catalog.northeastern.edu/
Information Science,Khoury College of Computer Sciences,https://catalog.northeastern.edu/
International Affairs,College of Social Sciences and Humanities,https://catalog.northeastern.edu/
Journalism,"College of Arts, Media and Design",https://catalog.northeastern.edu/
Linguistics,College of Social Sciences and Humanities,https://catalog.northeastern.edu/
Mathematics,College of Science,https://catalog.northeastern.edu/
Mechanical Engineering,College of Engineering,https://catalog.northeastern.edu/
Media and Screen Studies,"College of Arts, Media and Design",https://catalog.northeastern.edu/
Music,"College of Arts, Media and Design",https://catalog.northeastern.edu/
Nursing,Bouvé College of Health Sciences,https://catalog.northeastern.edu/
Philosophy,College of Social Sciences and Humanities,https://catalog.northeastern.edu/
Physics,College of Science,https://catalog.northeastern.edu/
Political Science,College of Social Sciences and Humanities,https://catalog.northeastern.edu/
Psychology,College of Social Sciences and Humanities,https://catalog.northeastern.edu/
Public Health,Bouvé College of Health Sciences,https://catalog.northeastern.edu/
Public Relations,"College of Arts, Media and Design",https://catalog.northeastern.edu/
Sociology,College of Social Sciences and Humanities,https://catalog.northeastern.edu/
Theatre,"College of Arts, Media and Design",https://catalog.northeastern.edu/
Urban Planning,School of Architecture,https://catalog.northeastern.edu/
